text,label
Fed signals 25bps rate cut in December as inflation cools,bullish
US CPI comes in hotter than expected at 3.8 percent year over year,bearish
Bitcoin spot ETF sees record daily inflows of 500 million dollars,bullish
SEC delays decision on Ethereum spot ETF once again,bearish
Powell says Fed is in no rush to cut rates further,bearish
US jobs report smashes expectations with 300k new jobs added,neutral
Treasury yields surge after hawkish FOMC minutes,bearish
China announces stimulus package boosting risk assets globally,bullish
Bitcoin trades sideways as market awaits PCE inflation data,neutral
European Central Bank holds rates steady as expected,neutral
Ethereum staking yields drop below 3 percent after Shanghai upgrade,neutral
Major bank launches Bitcoin custody service for institutional clients,bullish
Stablecoin issuer faces probe from New York Attorney General,bearish
On-chain data shows Bitcoin whales accumulating aggressively,bullish
Crypto exchange reports record quarterly trading volume,bullish
Hackers exploit cross-chain bridge draining 100 million dollars,bearish
US government moves seized Bitcoin to exchange wallet raising sell-off fears,bearish
MicroStrategy announces another 500 million Bitcoin purchase,bullish
Fed minutes reveal divided views on pace of rate cuts,neutral
Bitcoin hashrate hits new all-time high signaling network strength,bullish
Dollar index DXY surges to 20-year high pressuring risk assets,bearish
Unemployment rate ticks up to 4.2 percent above forecasts,bearish
Coinbase beats earnings expectations with strong trading revenue,bullish
Tether market cap crosses 120 billion dollars milestone,neutral
Binance agrees to 4 billion dollar settlement with US authorities,bearish
Bitcoin halving successfully completes cutting block reward in half,bullish
Solana network experiences hours-long outage affecting DeFi protocols,bearish
BlackRock CEO calls Bitcoin a legitimate asset class,bullish
Japan central bank ends negative interest rate policy after 17 years,neutral
Russia proposes using crypto for international settlements bypassing sanctions,neutral
Grayscale files for new spot Solana ETF,bullish
South Korea delays crypto tax implementation by two years,bullish
Inflation data matches consensus keeping rate path intact,neutral
US Treasury Secretary warns about stablecoin systemic risks,bearish
Bitcoin mining difficulty reaches new record high,neutral
DeFi total value locked surpasses 100 billion dollars again,bullish
Federal Reserve balance sheet continues quantitative tightening,bearish
Michael Saylor predicts Bitcoin will hit 1 million dollars per coin,bullish
Retail sales fall short of expectations signaling economic slowdown,bearish
ECB President Lagarde signals possible rate cut in spring,bullish
Chinese developers lead commits on major DeFi protocols,neutral
Australia approves first spot Bitcoin ETF for launch,bullish
India imposes 30 percent tax on crypto gains with no loss offset,bearish
Uniswap processes record 2 trillion dollars in cumulative volume,bullish
Circle files for IPO with SEC targeting major exchange listing,bullish
Bank failures trigger flight to safety boosting Bitcoin as hedge,bullish
10-year Treasury yield tops 5 percent for first time since 2007,bearish
Crypto hedge fund Three Arrows Capital files for bankruptcy,bearish
Ripple wins partial victory against SEC in long-running lawsuit,bullish
MakerDAO votes to increase DAI savings rate to 8 percent,bullish
Core PCE inflation falls to 2.1 percent nearing Fed target,bullish
Bitcoin breaks above 100k for the first time in history,bullish
Ethereum gas fees spike to 200 gwei amid NFT mint frenzy,bearish
Fed Chair Powell testifies before Congress on monetary policy outlook,neutral
Crypto lender Celsius files for Chapter 11 bankruptcy protection,bearish
Fidelity launches spot Bitcoin ETF with lowest expense ratio,bullish
US GDP growth accelerates to 3.5 percent beating estimates,bullish
Hong Kong approves retail crypto trading starting June,bullish
Bitcoin dominance rises to 55 percent as altcoins bleed,neutral
Genesis Trading halts withdrawals citing liquidity issues,bearish
PayPal launches PYUSD stablecoin on Ethereum blockchain,bullish
FOMC holds rates steady at 5.5 percent as expected,neutral
Ark Invest sells 50 million dollars worth of Coinbase shares,bearish
Bitcoin Lightning Network capacity hits 5000 BTC milestone,bullish
Consumer confidence index drops to lowest level in 6 months,bearish
Vanguard blocks customers from buying spot Bitcoin ETFs,bearish
El Salvador adds 500 more Bitcoin to national treasury,bullish
Core inflation remains sticky at 3.9 percent above target,bearish
Ethereum completes Dencun upgrade reducing L2 fees by 90 percent,bullish
US banking regulators issue joint warning on crypto risks,bearish
Bitcoin futures open interest hits 40 billion dollars record,neutral
Germany sells 50000 seized Bitcoin crashing market,bearish
Spot Ethereum ETFs see 100 million first day inflows,bullish
ISM Manufacturing PMI contracts for 18th consecutive month,bearish
Toncoin surges 30 percent on Telegram integration news,bullish
Fed dot plot shows only one rate cut expected this year,bearish
Bitcoin ETF daily volume exceeds 10 billion dollars,bullish
Personal income rises 0.5 percent above consensus,bullish
FTX creditors to receive full repayment plus interest,bullish
Oil prices surge 10 percent on Middle East tensions,bearish
Coinbase secures regulatory approval in Singapore,bullish
Initial jobless claims spike to 250k above estimates,bearish
Bitcoin mining revenue drops 50 percent post halving,bearish
Swiss National Bank cuts rates by 25 basis points,bullish
Robinhood launches crypto trading in European Union,bullish
US trade deficit widens to 80 billion dollars,neutral
Kraken settles with SEC for 30 million dollars over staking,bearish
Bitcoin spot ETF assets under management top 50 billion,bullish
Producer prices rise 0.6 percent signaling inflation pressure,bearish
Cardano launches Hydra scaling solution on mainnet,bullish
Bank of England holds rates at 5.25 percent,neutral
Bitwise files for spot XRP ETF with SEC,bullish
Housing starts fall 10 percent below expectations,bearish
Polygon completes migration to POL token from MATIC,neutral
Fed Vice Chair signals openness to rate cuts if data supports,bullish
Crypto.com receives FCA approval for UK operations,bullish
Durable goods orders decline 2 percent missing estimates,bearish
Bitcoin network processes 1 million daily transactions,bullish
Eurozone inflation falls to 2.4 percent below forecast,bullish
Binance US delists multiple trading pairs amid regulatory pressure,bearish
Retail investor sentiment hits extreme greed on fear index,neutral
New York Fed manufacturing index turns negative,bearish
Chainlink launches cross-chain protocol CCIP on mainnet,bullish
Building permits drop to lowest level since 2020,bearish
VanEck launches first US spot Solana ETF,bullish
Fed Beige Book shows economic activity slowing,bearish
Bitcoin options expiry sees 5 billion dollars notional value,neutral
University of Michigan consumer sentiment beats estimates,bullish
Ledger faces backlash over controversial recovery service,bearish
Avalanche foundation launches 100 million ecosystem fund,bullish
Weekly jobless claims fall to 200k below expectations,bullish
Terraform Labs files for Chapter 11 bankruptcy,bearish
Bitcoin correlation with stocks drops to multi-year low,bullish
Import prices rise 0.4 percent above forecast,bearish
Optimism completes major network upgrade reducing fees,bullish
Atlanta Fed GDPNow tracker shows 4 percent growth,bullish
Gemini returns 1.1 billion to Earn customers,bullish
Existing home sales fall 5 percent year over year,bearish
Arbitrum DAO approves 200 million incentive program,bullish
Fed Governor Waller supports gradual rate cuts,bullish
Worldcoin faces regulatory scrutiny in multiple countries,bearish
Bitcoin funding rates turn negative signaling bearish sentiment,bearish
Chicago PMI unexpectedly rises above 50,bullish
Uniswap Labs receives SEC Wells notice,bearish
Stablecoin market cap recovers to 160 billion dollars,bullish
Pending home sales index drops to record low,bearish
Base network TVL surpasses 5 billion dollars,bullish
Fed minutes show officials concerned about cutting too soon,bearish
Phantom wallet raises 150 million at 3 billion valuation,bullish
Nonfarm productivity rises 3.5 percent beating estimates,bullish
OpenSea lays off 50 percent of staff amid NFT downturn,bearish
Bitcoin realized volatility drops to lowest since 2020,neutral
Empire State manufacturing index beats expectations,bullish
Celsius emerges from bankruptcy as new company,neutral
Unit labor costs rise 2 percent above forecast,bearish
Aptos launches Move-based smart contracts upgrade,bullish
S&P Global Services PMI falls into contraction,bearish
21Shares files for spot Polkadot ETF,bullish
Bitcoin hash price recovers to pre-halving levels,bullish
Factory orders decline 1.5 percent missing estimates,bearish
Sui network processes 1 million daily transactions,bullish
Fed stress tests show banks well capitalized,neutral
Lido dominance in ETH staking raises centralization concerns,bearish
Wholesale inventories rise 0.3 percent as expected,neutral
Franklin Templeton tokenizes 300 million money market fund,bullish
Leading economic indicators fall for 20th straight month,bearish
Render Network migrates to Solana blockchain,neutral
Bitcoin spot ETF sees first day of net outflows,bearish
Construction spending rises 0.5 percent above estimates,bullish
Aave deploys on zkSync Era mainnet,bullish
Fed Kashkari says rates may need to stay higher longer,bearish
Stripe re-enables crypto payments after 6 year pause,bullish
Vehicle sales fall below 15 million annual rate,bearish
Immutable partners with major gaming studio,bullish
Core retail sales rise 0.4 percent beating consensus,bullish
Paxos faces SEC lawsuit over BUSD stablecoin,bearish
Bitcoin miners sell 10000 BTC in single day,bearish
Personal spending rises 0.7 percent above forecast,bullish
Blur overtakes OpenSea in NFT marketplace volume,neutral
Fed Bostic sees rates on hold through mid-2025,bearish
Mastercard expands crypto card program globally,bullish
Industrial production falls 0.5 percent below estimates,bearish
Injective launches institutional-grade derivatives platform,bullish
Case-Shiller home prices rise 5 percent year over year,neutral
Fireblocks raises 500 million for crypto custody expansion,bullish
Capacity utilization drops to 78 percent below forecast,bearish
Starknet launches mainnet with full decentralization,bullish
Fed Williams says policy is in good place,neutral
Copper launches institutional Bitcoin custody in US,bullish
Business inventories rise 0.4 percent as expected,neutral
Mantle Network TVL crosses 2 billion dollars,bullish
Trade balance improves to 65 billion deficit,bullish
Anchorage Digital receives conditional bank charter,bullish
New home sales surge 10 percent above estimates,bullish
Jupiter exchange surpasses Uniswap in daily volume,bullish
Fed Harker supports holding rates steady,neutral
Chainalysis raises 100 million for compliance tools,bullish
Capital goods orders rise 0.8 percent beating forecast,bullish
Wormhole launches native token with 600 million airdrop,bullish
Consumer credit rises 15 billion below estimates,bearish
Pyth Network expands to 50 blockchain networks,bullish
Fed Daly says no urgency to cut rates,bearish
Standard Chartered predicts Bitcoin at 150k by year end,bullish
Mortgage applications fall 5 percent week over week,bearish
Sei Network launches parallel EVM upgrade,bullish
Job openings fall to 8 million lowest since 2021,bearish
Ondo Finance launches tokenized Treasury product,bullish
Fed Mester supports patient approach to rate cuts,neutral
Galaxy Digital reports 1 billion quarterly profit,bullish
Quits rate falls to 2.2 percent signaling labor cooling,bearish
Celestia launches mainnet for modular blockchain,bullish
Fed Cook sees inflation progress but wants more data,neutral
Bitgo receives trust charter in New York,bullish
ADP employment rises 150k below estimates,bearish
Scroll launches zkEVM mainnet on Ethereum,bullish
Fed Barkin says economy showing resilience,neutral
Paradigm leads 100 million round for crypto startup,bullish
Challenger job cuts rise 30 percent year over year,bearish
Monad raises 200 million for high-speed blockchain,bullish
Fed Jefferson sees balanced risks to outlook,neutral
Visa expands stablecoin settlement to Solana,bullish
Philadelphia Fed index turns negative,bearish
EigenLayer launches restaking mainnet,bullish
Fed Kugler supports data-dependent approach,neutral
Revolut launches standalone crypto exchange,bullish
Richmond Fed manufacturing index misses estimates,bearish
LayerZero completes 3 billion token airdrop,bullish
Fed Bowman sees upside risks to inflation,bearish
Brevan Howard launches 1 billion crypto fund,bullish
Kansas City Fed index falls deeper into contraction,bearish
Ethena launches synthetic dollar protocol,bullish
Fed Logan says balance sheet runoff proceeding smoothly,neutral
State Street launches digital asset custody,bullish
Dallas Fed services index unexpectedly contracts,bearish
Blast L2 launches with 2 billion TVL at genesis,bullish
Fed Goolsbee sees progress on inflation,bullish
BNY Mellon expands crypto custody services,bullish
Texas manufacturing index falls below zero,bearish
Jito launches liquid staking governance token,bullish
Fed Barr says banking system remains sound,neutral
Interactive Brokers adds crypto trading globally,bullish
San Francisco Fed index shows slowing growth,bearish
Parcl launches real estate prediction market,neutral
Fed quarterly report shows stable financial conditions,neutral
Nasdaq files for Bitcoin index options,bullish
Beige Book shows modest economic expansion,neutral
Mode Network launches DeFi-focused L2,bullish
Fed financial stability report flags crypto risks,bearish
CME launches spot Bitcoin trading for institutions,bullish
Weekly mortgage rates rise to 7.5 percent,bearish
Tensor surpasses Magic Eden in Solana NFT volume,neutral
Fed supervision report shows improved bank liquidity,neutral
WisdomTree launches tokenized gold product,bullish
Consumer sentiment preliminary reading misses estimates,bearish
Drift Protocol launches perpetuals on Solana,bullish
Fed flow of funds shows household wealth rising,neutral
Securitize tokenizes 500 million private credit fund,bullish
Import price index rises 0.3 percent above forecast,bearish
Kamino Finance launches concentrated liquidity vaults,bullish
Fed senior loan officer survey shows tighter standards,bearish
Hashdex converts futures ETF to spot Bitcoin,bullish
Export prices fall 0.2 percent below estimates,bearish
Marinade Finance launches native staking on Solana,bullish
Fed repo operations show stable funding markets,neutral
Bitfinex launches derivatives for institutional traders,bullish
Treasury budget deficit widens to 300 billion,bearish
Zeta Markets launches options trading on Solana,bullish
US confirms targeted strikes on Iranian military facilities as tensions escalate,bearish
Iran warns of retaliation across the region after US military action,bearish
Brent crude jumps 8 percent on fears of wider Middle East conflict,bearish
Reports of attacks near key shipping routes raise global risk aversion,bearish
White House warns conflict could disrupt global energy supply chains,bearish
Risk assets sell off as investors rush into US Treasuries and gold,bearish
Fed delivers surprise 50 bps rate hike citing sticky inflation,bearish
FOMC statement signals rates may stay higher for longer,bearish
US CPI rises above expectations for third consecutive month,bearish
US PPI accelerates sharply suggesting renewed pipeline inflation,bearish
Nonfarm payrolls miss estimates by a wide margin signaling labor weakness,bearish
US unemployment rate jumps to highest level in two years,bearish
US GDP contracts in the latest quarter raising recession concerns,bearish
Dollar index surges as safe haven demand spikes,bearish
Ceasefire talks between US and Iran show tangible progress,bullish
Major powers announce de-escalation framework for Middle East tensions,bullish
Oil prices fall as supply disruption fears ease,bullish
Global equity markets rebound on improved geopolitical outlook,bullish
Fed cuts rates by 25 bps and signals gradual easing path,bullish
FOMC dot plot indicates more supportive policy into next year,bullish
US CPI comes in below forecast reinforcing disinflation trend,bullish
Core CPI cools to multi-year low,bullish
US PPI prints softer than expected for second straight month,bullish
Nonfarm payrolls beat consensus with broad-based job gains,bullish
US unemployment rate declines as labor participation improves,bullish
US GDP growth beats expectations driven by resilient consumption,bullish
Real wages rise while inflation eases supporting risk appetite,bullish
Treasury yields fall after dovish Fed commentary,bullish
Fed keeps rates unchanged in line with market expectations,neutral
FOMC minutes show mixed views on inflation and growth outlook,neutral
US CPI prints exactly in line with consensus,neutral
US PPI remains stable with no major upside surprise,neutral
Nonfarm payrolls close to estimates with balanced revisions,neutral
US unemployment rate holds steady from prior month,neutral
US GDP growth matches economist forecasts,neutral
Oil prices trade in a narrow range despite geopolitical headlines,neutral
Dollar index remains range-bound after macro data release,neutral
Markets consolidate as investors await next FOMC meeting,neutral
Mixed earnings and macro signals keep risk sentiment balanced,neutral
Bitcoin drops 15 percent in 24 hours triggering mass liquidations,bearish
Crypto exchange suffers 500 million dollar hack in smart contract exploit,bearish
SEC files emergency action to freeze crypto company assets,bearish
Major stablecoin loses dollar peg falling to 0.85 cents,bearish
US DOJ indicts crypto exchange founders for money laundering,bearish
Bitcoin ETF sees largest single day outflow since launch,bearish
Fed emergency meeting raises rates by 75 basis points,bearish
US inflation surges to 9 percent highest in 40 years,bearish
China bans all cryptocurrency transactions effective immediately,bearish
Major crypto lending platform suspends all withdrawals,bearish
Bitcoin falls below key 200 day moving average,bearish
Crypto market cap drops below 1 trillion dollars,bearish
US Treasury blacklists major crypto mixing service,bearish
Ethereum gas fees make network unusable for small transactions,bearish
Major DeFi protocol suffers governance attack draining treasury,bearish
Bitcoin mining ban proposed in US Congress citing energy concerns,bearish
Crypto exchange delists privacy coins under regulatory pressure,bearish
US banks ordered to close accounts of crypto businesses,bearish
Bitcoin futures show record short interest,bearish
Major crypto custodian files for bankruptcy protection,bearish
Fed signals aggressive rate hikes through end of year,bearish
US labor market shows signs of severe contraction,bearish
Consumer spending collapses as recession fears mount,bearish
Housing market crashes with prices down 20 percent,bearish
Corporate earnings miss estimates across all sectors,bearish
Credit card delinquencies surge to record highs,bearish
Commercial real estate defaults spike amid banking stress,bearish
US debt ceiling crisis threatens government shutdown,bearish
Global trade tensions escalate with new tariff announcements,bearish
European energy crisis deepens as winter approaches,bearish
Japan intervenes to defend yen as currency collapses,bearish
Emerging markets face capital flight amid dollar strength,bearish
US manufacturing enters deep recession territory,bearish
Retail bankruptcies accelerate as consumer demand weakens,bearish
Tech layoffs spread across Silicon Valley,bearish
Venture capital funding dries up for crypto startups,bearish
Bitcoin whale moves 50000 BTC to exchange sparking dump fears,bearish
Crypto fear and greed index hits extreme fear,bearish
Major Bitcoin miner forced to sell holdings to cover debt,bearish
Ethereum validator slashing events spike raising concerns,bearish
DeFi hack losses exceed 3 billion dollars this year,bearish
NFT market volume collapses 95 percent from peak,bearish
Crypto Twitter influencer arrested for pump and dump scheme,bearish
Major audit firm refuses to work with crypto companies,bearish
Insurance companies drop coverage for crypto custodians,bearish
Bitcoin network hashrate drops 30 percent as miners capitulate,bearish
Crypto exchange faces bank run as users rush to withdraw,bearish
US CFTC sues major DeFi protocol for illegal derivatives,bearish
European regulators propose strict crypto advertising ban,bearish
South Korea crypto exchange raided by prosecutors,bearish
Singapore revokes crypto exchange license over compliance failures,bearish
UK FCA warns consumers about specific crypto platforms,bearish
Australia proposes mandatory crypto exchange licensing,bearish
Brazil central bank delays crypto regulation indefinitely,bearish
India considers outright cryptocurrency ban again,bearish
Russia blocks access to major crypto exchanges,bearish
Nigeria restricts bank transfers to crypto platforms,bearish
Turkey inflation forces citizens to sell crypto holdings,bearish
Argentina peso crisis spreads contagion to crypto markets,bearish
Venezuela seizes crypto mining equipment nationwide,bearish
Iran cuts electricity to Bitcoin miners amid shortage,bearish
Kazakhstan crypto mining exodus continues amid crackdown,bearish
US sanctions target crypto addresses linked to ransomware,bearish
North Korea linked hackers steal 600 million from DeFi,bearish
Interpol issues red notice for fugitive crypto founder,bearish
Major crypto influencer sued for undisclosed promotions,bearish
Class action lawsuit filed against collapsed crypto lender,bearish
Crypto exchange customers face years long wait for funds,bearish
Bankruptcy court approves liquidation of crypto assets,bearish
Former crypto CEO sentenced to 25 years in prison,bearish
Whistleblower reveals fraud at major crypto company,bearish
Accounting irregularities discovered at crypto exchange,bearish
Crypto company admits to commingling customer funds,bearish
Major token unlock threatens to flood market with supply,bearish
Venture fund liquidates entire crypto portfolio,bearish
Hedge fund redemptions force crypto asset sales,bearish
Pension fund writes off crypto investment entirely,bearish
University endowment exits crypto after heavy losses,bearish
Family office sues crypto advisor for negligence,bearish
Retail investors file complaint with SEC over crypto losses,bearish
Consumer protection agency warns about crypto scams,bearish
Better Business Bureau reports surge in crypto fraud,bearish
FBI warns of new crypto romance scam targeting seniors,bearish
IRS announces crackdown on unreported crypto gains,bearish
State attorneys general launch coordinated crypto probe,bearish
Congressional hearing grills crypto executives on failures,bearish
Senator proposes bill to ban algorithmic stablecoins,bearish
House committee advances restrictive crypto legislation,bearish
Bipartisan support grows for strict crypto oversight,bearish
Fed Governor calls for comprehensive crypto regulation,bearish
OCC restricts bank involvement in crypto activities,bearish
FDIC warns banks about crypto deposit concentration,bearish
Federal Reserve denies crypto bank membership application,bearish
Major bank exits crypto custody business citing risks,bearish
Payment processor suspends crypto merchant services,bearish
Credit card companies block crypto purchases again,bearish
Wire transfer delays hit crypto exchanges,bearish
Correspondent banks cut ties with crypto friendly institutions,bearish
Insurance premiums for crypto companies triple,bearish
Bitcoin rallies 20 percent breaking through key resistance,bullish
Ethereum surges on successful network upgrade completion,bullish
Crypto market cap reclaims 3 trillion dollar milestone,bullish
Bitcoin spot ETF approval triggers institutional buying wave,bullish
Major pension fund allocates 5 percent to Bitcoin,bullish
Sovereign wealth fund announces crypto investment strategy,bullish
Fortune 500 company adds Bitcoin to balance sheet,bullish
Central bank digital currency pilot boosts crypto adoption,bullish
Lightning Network adoption accelerates with major integrations,bullish
Ethereum staking yields attract institutional capital,bullish
DeFi total value locked hits new all time high,bullish
NFT market shows signs of sustainable recovery,bullish
Gaming crypto tokens surge on mainstream adoption news,bullish
Layer 2 scaling solutions process record transactions,bullish
Cross chain bridges enable seamless asset transfers,bullish
Decentralized exchange volume rivals centralized platforms,bullish
Crypto lending rates normalize after market stress,bullish
Stablecoin market cap reaches new record high,bullish
Bitcoin dominance falls as altcoin season begins,bullish
Crypto venture funding rebounds strongly in Q4,bullish
Major tech company integrates crypto payments,bullish
Social media platform launches crypto tipping feature,bullish
E-commerce giant accepts Bitcoin for purchases,bullish
Streaming service adds crypto subscription option,bullish
Airlines begin accepting crypto for ticket purchases,bullish
Hotel chain launches crypto loyalty program,bullish
Sports league signs major crypto sponsorship deal,bullish
Celebrity endorsement drives mainstream crypto awareness,bullish
Crypto education programs launch at major universities,bullish
Financial advisors increasingly recommend crypto allocation,bullish
Wealth management platforms add crypto trading,bullish
Robo advisors include crypto in model portfolios,bullish
401k providers offer crypto investment options,bullish
IRA custodians expand crypto offerings,bullish
Crypto index funds see record inflows,bullish
Options market shows bullish positioning,bullish
Futures basis indicates strong spot demand,bullish
On chain metrics signal accumulation phase,bullish
Long term holders increase Bitcoin positions,bullish
Exchange reserves drop to multi year lows,bullish
Miner accumulation reaches highest level this year,bullish
Institutional custody assets under management grow,bullish
Prime brokerage services expand for crypto,bullish
OTC desk reports surge in large block trades,bullish
Family offices increase crypto allocations,bullish
Endowments add crypto to alternative investments,bullish
Insurance companies begin offering crypto coverage,bullish
Reinsurance market develops for crypto risks,bullish
Audit firms expand crypto attestation services,bullish
Big Four accounting firm launches crypto practice,bullish
Law firms build dedicated crypto teams,bullish
Consulting firms advise on crypto strategy,bullish
Talent flows from traditional finance to crypto,bullish
Crypto salaries reach parity with tech giants,bullish
Remote work enables global crypto talent pool,bullish
Developer activity on blockchain networks increases,bullish
Open source contributions to crypto projects surge,bullish
Hackathon participation reaches record levels,bullish
Crypto conference attendance breaks records,bullish
Industry association membership grows significantly,bullish
Self regulatory organization gains traction,bullish
Best practices framework adopted widely,bullish
Security standards improve across industry,bullish
Insurance claims decrease as practices mature,bullish
Customer complaints to regulators decline,bullish
Dispute resolution mechanisms prove effective,bullish
Market surveillance tools detect manipulation,bullish
Compliance technology adoption accelerates,bullish
KYC AML processes become more efficient,bullish
Travel rule implementation progresses smoothly,bullish
Cross border regulatory cooperation improves,bullish
Regulatory clarity emerges in key markets,bullish
Court rulings favor crypto industry positions,bullish
Appeals court overturns restrictive regulation,bullish
Supreme Court declines to hear anti crypto case,bullish
International standards body issues favorable guidance,bullish
G20 adopts balanced crypto framework,bullish
IMF acknowledges crypto benefits in report,bullish
World Bank explores blockchain for development,bullish
BIS innovation hub launches crypto projects,bullish
Central banks study crypto for reserves,bullish
Diplomatic tensions ease after successful negotiations,bullish
Peace agreement signed ending regional conflict,bullish
Trade deal reached between major economies,bullish
Sanctions relief opens new markets,bullish
Energy prices stabilize on supply improvements,bullish
Supply chain disruptions resolve faster than expected,bullish
Shipping costs normalize from pandemic highs,bullish
Semiconductor shortage eases boosting tech sector,bullish
Labor market remains strong without inflation,bullish
Wage growth supports consumer spending,bullish
Productivity gains offset cost pressures,bullish
Corporate profit margins expand,bullish
Business investment accelerates,bullish
Small business optimism improves,bullish
Startup formation reaches record levels,bullish
IPO market reopens with strong demand,bullish
M&A activity picks up across sectors,bullish
Private equity deploys record dry powder,bullish
Credit spreads tighten on improved outlook,bullish
High yield bond issuance resumes,bullish
Leveraged loan market stabilizes,bullish
Bank lending standards ease modestly,bullish
Mortgage rates decline supporting housing,bullish
Auto sales rebound on improved financing,bullish
Retail sales exceed expectations,bullish
Consumer confidence reaches multi year high,bullish
Savings rate normalizes from pandemic levels,bullish
Travel and leisure spending surges,bullish
Restaurant bookings hit record levels,bullish
Entertainment spending recovers fully,bullish

